{
  "individual": "gt(ARG1, lag(ARG1, 93))",
  "train_fitness": 0.30053893608570126,
  "train_metrics": {
    "total_return": 0.30053893608570126,
    "excess_return": 0.30053893608570126,
    "sharpe_ratio": 0.9050866269365806,
    "max_drawdown": -0.21238784649534773,
    "volatility": 0.15912770589477235,
    "calmar_ratio": 0.6597132168718282,
    "win_rate": 0.36507936507936506,
    "final_value": 130053.89360857013,
    "pnl": 30053.893608570128
  },
  "train_per_stock_pnl": {
    "ABX.TO": 19508.15747833255,
    "BBD-B.TO": 12990.040649414055,
    "RY.TO": 48.67878866195679,
    "TRP.TO": -2492.983307838447
  },
  "train_total_trades": 569,
  "test_metrics": {
    "total_return": 0.22034541963815718,
    "excess_return": 0.22034541963815718,
    "sharpe_ratio": 0.8016084137371715,
    "max_drawdown": -0.15572089068626038,
    "volatility": 0.1359748680119649,
    "calmar_ratio": 0.6723083480593297,
    "win_rate": 0.3757455268389662,
    "final_value": 122034.54196381572,
    "pnl": 22034.54196381572
  },
  "test_per_stock_pnl": {
    "ABX.TO": 2491.4312849044873,
    "BBD-B.TO": 13694.587097167983,
    "RY.TO": 4435.886688232415,
    "TRP.TO": 1412.6368935108185
  },
  "test_total_trades": 569
}