{
  "individual": "logical_or(lt(sub(ARG1, norm(sub(norm(sub(vol(max(sub(ARG0, ARG1), id_int(179)), 120), sub(ROC(norm(ARG1, min(RSI(lag(sub(ARG1, norm(sub(min(RSI(mul(RSI(avg(ARG0, id_int(id_int(167))), 161), mul(min(ARG0, 176), vol(vol(ARG1, id_int(40)), id_int(47)))), id_int(72)), id_int(id_int(id_int(165)))), ARG1), ROC(avg(ROC(mul(min(ARG1, 86), min(norm(RSI(norm(sub(vol(max(sub(ARG0, ARG1), 155), 120), ARG0), ROC(norm(ARG1, min(RSI(ARG1, id_int(id_int(id_int(id_int(id_int(id_int(146))))))), id_int(id_int(id_int(101))))), 76)), id_int(id_int(id_int(id_int(152))))), ARG1), 177)), id_int(40)), 82), 99))), 191), id_int(105)), id_int(140))), 78), RSI(ARG0, 182))), ROC(norm(lag(ARG1, 76), min(RSI(ARG1, 161), id_int(id_int(164)))), 76)), RSI(ARG0, 101)), ROC(norm(ARG1, min(RSI(div(max(lag(ARG1, 80), id_int(171)), max(ARG1, 189)), id_int(id_int(id_int(128)))), 37)), 191))), ROC(ROC(norm(ARG1, ARG0), id_int(id_int(id_int(id_int(128))))), 140)), lt(lag(ARG1, id_int(76)), avg(min(norm(sub(ROC(vol(lag(min(RSI(lag(sub(ARG1, norm(sub(ARG0, ROC(ARG1, 76)), ROC(ROC(norm(ARG1, ROC(norm(ARG1, min(RSI(mul(RSI(avg(ARG0, id_int(id_int(167))), 161), mul(ARG1, vol(vol(ARG1, id_int(40)), id_int(47)))), id_int(72)), id_int(id_int(id_int(165))))), 76)), 191), 99))), 191), id_int(id_int(145))), id_int(140)), 40), id_int(id_int(62))), 191), max(avg(div(ARG1, ARG0), id_int(49)), 111)), ARG1), 137), 155)))",
  "train_fitness": 4.00996676404879,
  "train_metrics": {
    "total_return": 0.5416166225385666,
    "excess_return": 0.5416166225385666,
    "sharpe_ratio": 4.009966764048791,
    "max_drawdown": -0.02166539286224827,
    "volatility": 0.05435813712044095,
    "calmar_ratio": 11.127726794499797,
    "win_rate": 0.23412698412698413,
    "final_value": 154161.66225385666,
    "pnl": 54161.66225385666
  },
  "train_per_stock_pnl": {
    "ABX.TO": 10605.572096824639,
    "BBD-B.TO": 28983.698455810554,
    "RY.TO": 9039.37087726593,
    "TRP.TO": 5533.02082395555
  },
  "train_total_trades": 270,
  "test_metrics": {
    "total_return": 0.12469748602151885,
    "excess_return": 0.12469748602151885,
    "sharpe_ratio": 0.9925978374239012,
    "max_drawdown": -0.03469271106720399,
    "volatility": 0.06119588542166031,
    "calmar_ratio": 1.7443881977824647,
    "win_rate": 0.17693836978131214,
    "final_value": 112469.74860215189,
    "pnl": 12469.748602151885
  },
  "test_per_stock_pnl": {
    "ABX.TO": -2148.1341228485107,
    "BBD-B.TO": 10374.037933349617,
    "RY.TO": 1524.06447219849,
    "TRP.TO": 2719.7803194522858
  },
  "test_total_trades": 270
}