{
  "individual": "lt(vol(ARG0, 155), ROC(ARG1, id_int(131)))",
  "train_fitness": 1.491524316000404,
  "train_metrics": {
    "total_return": 1.9116571988487232,
    "excess_return": 1.9116571988487232,
    "sharpe_ratio": 1.491524316000404,
    "max_drawdown": -0.17360865969466086,
    "volatility": 0.19272246315948752,
    "calmar_ratio": 1.774204917358021,
    "win_rate": 0.4221556886227545,
    "final_value": 291165.7198848723,
    "pnl": 191165.71988487232
  },
  "train_per_stock_pnl": {
    "ABX.TO": 11295.593809127757,
    "BBD-B.TO": 169550.74308013916,
    "RY.TO": 13113.293586730906,
    "TRP.TO": -2793.910591125481
  },
  "train_total_trades": 1238,
  "test_metrics": {
    "total_return": 0.06634542919158935,
    "excess_return": 0.06634542919158935,
    "sharpe_ratio": 0.42736637491103485,
    "max_drawdown": -0.09007069304346466,
    "volatility": 0.11662166638712287,
    "calmar_ratio": 0.4871025504857887,
    "win_rate": 0.3058510638297872,
    "final_value": 106634.54291915894,
    "pnl": 6634.542919158936
  },
  "test_per_stock_pnl": {
    "ABX.TO": 2313.48386001588,
    "BBD-B.TO": -7382.442176818855,
    "RY.TO": 3214.155532836914,
    "TRP.TO": 8489.345703125
  },
  "test_total_trades": 367
}