{
  "individual": "lt(lag(ROC(ARG1, 89), id_int(id_int(104))), ARG0)",
  "train_fitness": 0.5180318758106232,
  "train_metrics": {
    "total_return": 0.5180318758106232,
    "excess_return": 0.5180318758106232,
    "sharpe_ratio": 1.4536989750394995,
    "max_drawdown": -0.12590988649662113,
    "volatility": 0.15148587070841293,
    "calmar_ratio": 1.839214344713355,
    "win_rate": 0.4246031746031746,
    "final_value": 151803.18758106232,
    "pnl": 51803.18758106232
  },
  "train_per_stock_pnl": {
    "ABX.TO": 10488.259447097764,
    "BBD-B.TO": 33630.01959228516,
    "RY.TO": 2479.533194065094,
    "TRP.TO": 5205.375347614281
  },
  "train_total_trades": 349,
  "test_metrics": {
    "total_return": 0.19248632596969634,
    "excess_return": 0.19248632596969634,
    "sharpe_ratio": 0.6263057875117256,
    "max_drawdown": -0.17112884006325832,
    "volatility": 0.1616372651264943,
    "calmar_ratio": 0.5376663713243067,
    "win_rate": 0.4095427435387674,
    "final_value": 119248.63259696963,
    "pnl": 19248.632596969634
  },
  "test_per_stock_pnl": {
    "ABX.TO": -3439.6636343002247,
    "BBD-B.TO": 13596.248962402344,
    "RY.TO": 9005.52032995227,
    "TRP.TO": 86.52693891525269
  },
  "test_total_trades": 337
}