{
  "individual": "gt(lag(ARG1, 102), div(ARG1, ARG1))",
  "fitness": 0.04384129629135132,
  "metrics": {
    "total_return": 0.04384129629135132,
    "excess_return": 0.04384129629135132,
    "sharpe_ratio": 0.20751530290131115,
    "max_drawdown": -0.27778038555077716,
    "volatility": 0.19419723242369263,
    "calmar_ratio": 0.07791088020722974,
    "win_rate": 0.41865079365079366,
    "final_value": 104384.12962913513,
    "pnl": 4384.129629135132
  },
  "per_stock_pnl": {
    "ABX.TO": 1238.9306945800781,
    "BBD-B.TO": 13571.981094360344,
    "RY.TO": -4101.053967475891,
    "TRP.TO": -6325.728192329407
  },
  "total_trades": 28
}