{
  "individual": "lt(lag(ARG1, 166), vol(ARG1, 127))",
  "train_fitness": 1.6160230122860204,
  "train_metrics": {
    "total_return": 0.07492289199829101,
    "excess_return": 0.07492289199829101,
    "sharpe_ratio": 1.6160230122860206,
    "max_drawdown": -0.009630043342412863,
    "volatility": 0.022510912176166655,
    "calmar_ratio": 3.812103291431775,
    "win_rate": 0.021825396825396824,
    "final_value": 107492.2891998291,
    "pnl": 7492.289199829102
  },
  "train_per_stock_pnl": {
    "ABX.TO": 0.0,
    "BBD-B.TO": 7492.289199829094,
    "RY.TO": 0.0,
    "TRP.TO": 0.0
  },
  "train_total_trades": 24,
  "test_metrics": {
    "total_return": 0.007608841552734375,
    "excess_return": 0.007608841552734375,
    "sharpe_ratio": 0.21875283881351026,
    "max_drawdown": -0.0249524741526881,
    "volatility": 0.018106394065082534,
    "calmar_ratio": 0.15217774983113724,
    "win_rate": 0.011928429423459244,
    "final_value": 100760.88415527344,
    "pnl": 760.8841552734375
  },
  "test_per_stock_pnl": {
    "ABX.TO": 0.0,
    "BBD-B.TO": 760.8841552734411,
    "RY.TO": 0.0,
    "TRP.TO": 0.0
  },
  "test_total_trades": 24
}