{
  "individual": "gt(ROC(ROC(ROC(ROC(ROC(ARG1, id_int(158)), 110), id_int(77)), 110), id_int(77)), sub(ARG1, ARG0))",
  "train_fitness": 2.2746887648769256,
  "train_metrics": {
    "total_return": 0.15692616717338592,
    "excess_return": 0.15692616717338592,
    "sharpe_ratio": 2.274688764876926,
    "max_drawdown": -0.015133907069318473,
    "volatility": 0.032273119190560806,
    "calmar_ratio": 4.9854805940290925,
    "win_rate": 0.0992063492063492,
    "final_value": 115692.61671733859,
    "pnl": 15692.616717338591
  },
  "train_per_stock_pnl": {
    "ABX.TO": 547.4445362091137,
    "BBD-B.TO": 14200.923477172873,
    "RY.TO": -110.94089698791504,
    "TRP.TO": 1055.1896009445154
  },
  "train_total_trades": 108,
  "test_metrics": {
    "total_return": 0.1364577643728256,
    "excess_return": 0.1364577643728256,
    "sharpe_ratio": 1.3018469299828763,
    "max_drawdown": -0.029912455311114635,
    "volatility": 0.050188974239290654,
    "calmar_ratio": 2.208034416655136,
    "win_rate": 0.073558648111332,
    "final_value": 113645.77643728256,
    "pnl": 13645.776437282562
  },
  "test_per_stock_pnl": {
    "ABX.TO": 6353.644947052002,
    "BBD-B.TO": 7535.0531616210865,
    "RY.TO": 0.0,
    "TRP.TO": -242.92167139053345
  },
  "test_total_trades": 64
}