{
  "individual": "lt(add(div(ROC(ARG0, 131), lag(vol(lag(avg(ARG1, 47), id_int(95)), id_int(id_int(152))), 44)), norm(max(ARG1, 22), mul(ARG1, ARG0))), ARG1)",
  "train_fitness": 1.8330440233552519,
  "train_metrics": {
    "total_return": 0.07218155627250672,
    "excess_return": 0.07218155627250672,
    "sharpe_ratio": 1.833044023355252,
    "max_drawdown": -0.011365477773563197,
    "volatility": 0.019111070119655814,
    "calmar_ratio": 3.113863940536422,
    "win_rate": 0.04563492063492063,
    "final_value": 107218.15562725067,
    "pnl": 7218.155627250671
  },
  "train_per_stock_pnl": {
    "ABX.TO": 1075.0108165740967,
    "BBD-B.TO": 0.0,
    "RY.TO": 7428.11176776886,
    "TRP.TO": -1284.9669570922888
  },
  "train_total_trades": 64,
  "test_metrics": {
    "total_return": 0.002023471305370331,
    "excess_return": 0.002023471305370331,
    "sharpe_ratio": 0.045760077938220095,
    "max_drawdown": -0.0506458438001975,
    "volatility": 0.03708288981422512,
    "calmar_ratio": 0.01996658144972385,
    "win_rate": 0.07952286282306163,
    "final_value": 100202.34713053703,
    "pnl": 202.34713053703308
  },
  "test_per_stock_pnl": {
    "ABX.TO": 0.0,
    "BBD-B.TO": 0.0,
    "RY.TO": -2351.286632537842,
    "TRP.TO": 2553.633763074875
  },
  "test_total_trades": 152
}