{
  "individual": "logical_or(lt(sub(ARG1, add(ROC(ARG1, 49), ROC(ROC(ARG1, 124), id_int(id_int(id_int(188)))))), ROC(ARG1, 191)), lt(sub(sub(avg(ARG1, 82), add(ROC(sub(sub(sub(ARG0, ARG0), sub(ARG0, ARG1)), max(ARG1, 49)), 27), mul(RSI(div(div(ARG1, mul(lag(ARG0, 27), min(sub(sub(ARG1, ARG0), ARG1), id_int(27)))), mul(ARG0, ARG1)), id_int(50)), norm(div(avg(sub(norm(ARG0, ARG0), mul(ARG0, RSI(min(ARG0, 177), id_int(61)))), id_int(id_int(id_int(175)))), RSI(ARG0, 151)), ROC(ARG1, 76))))), add(ROC(ARG1, 27), mul(RSI(div(div(min(min(ARG0, id_int(107)), id_int(id_int(50))), mul(ARG0, min(ARG0, 85))), mul(ARG0, ARG1)), id_int(191)), norm(ROC(ARG1, id_int(191)), ROC(ARG1, 76))))), ROC(ARG1, id_int(35))))",
  "train_fitness": 4.357634536534774,
  "train_metrics": {
    "total_return": 0.8308650039529798,
    "excess_return": 0.8308650039529798,
    "sharpe_ratio": 4.357634536534774,
    "max_drawdown": -0.022982754332181016,
    "volatility": 0.0699918413946455,
    "calmar_ratio": 15.328215513909635,
    "win_rate": 0.25,
    "final_value": 183086.50039529798,
    "pnl": 83086.50039529798
  },
  "train_per_stock_pnl": {
    "ABX.TO": 11466.156568527229,
    "BBD-B.TO": 69473.63000488278,
    "RY.TO": 1173.3101744651794,
    "TRP.TO": 973.4036474227869
  },
  "train_total_trades": 278,
  "test_metrics": {
    "total_return": 0.010435738103389885,
    "excess_return": 0.010435738103389885,
    "sharpe_ratio": 0.11485117650947611,
    "max_drawdown": -0.06902967080687665,
    "volatility": 0.06190072356822407,
    "calmar_ratio": 0.07539260268045041,
    "win_rate": 0.18091451292246521,
    "final_value": 101043.57381033899,
    "pnl": 1043.5738103389886
  },
  "test_per_stock_pnl": {
    "ABX.TO": -200.46345329284668,
    "BBD-B.TO": 2142.9441375732567,
    "RY.TO": -1217.4492053985632,
    "TRP.TO": 318.54233145713806
  },
  "test_total_trades": 242
}