{
  "individual": "gt(RSI(lag(ARG0, id_int(id_int(44))), 51), add(add(min(ARG0, id_int(id_int(id_int(8)))), min(vol(vol(avg(ARG1, 76), 73), 50), 176)), min(ARG0, id_int(126))))",
  "train_fitness": 2.517848504797548,
  "train_metrics": {
    "total_return": 4.936860014076233,
    "excess_return": 4.936860014076233,
    "sharpe_ratio": 2.5178485047975485,
    "max_drawdown": -0.08557310515650683,
    "volatility": 0.18470944801795502,
    "calmar_ratio": 6.595759572139436,
    "win_rate": 0.4341317365269461,
    "final_value": 593686.0014076233,
    "pnl": 493686.0014076233
  },
  "train_per_stock_pnl": {
    "ABX.TO": 51117.27595901491,
    "BBD-B.TO": 427074.87086486816,
    "RY.TO": 0.0,
    "TRP.TO": 15493.854583740234
  },
  "train_total_trades": 107,
  "test_metrics": {
    "total_return": 0.0007270229911804199,
    "excess_return": 0.0007270229911804199,
    "sharpe_ratio": 0.04084620741742185,
    "max_drawdown": -0.08062774684423346,
    "volatility": 0.06744678857484426,
    "calmar_ratio": 0.006026573829868726,
    "win_rate": 0.32978723404255317,
    "final_value": 100072.70229911804,
    "pnl": 72.70229911804199
  },
  "test_per_stock_pnl": {
    "ABX.TO": 72.70229911804563,
    "BBD-B.TO": 0.0,
    "RY.TO": 0.0,
    "TRP.TO": 0.0
  },
  "test_total_trades": 15
}