{
  "individual": "lt(add(vol(min(div(norm(sub(mul(sub(ARG1, ARG1), ARG0), ARG1), add(ARG1, ARG0)), ROC(ARG1, 102)), 117), id_int(166)), ARG1), add(ROC(ROC(ARG1, 102), id_int(195)), ROC(ROC(ARG1, 98), 100)))",
  "train_fitness": 2.9532451630987424,
  "train_metrics": {
    "total_return": 0.3025445950412753,
    "excess_return": 0.3025445950412753,
    "sharpe_ratio": 2.9532451630987433,
    "max_drawdown": -0.018812089823942137,
    "volatility": 0.04510435398782738,
    "calmar_ratio": 7.494761073668745,
    "win_rate": 0.1765873015873016,
    "final_value": 130254.45950412753,
    "pnl": 30254.45950412753
  },
  "train_per_stock_pnl": {
    "ABX.TO": 7894.025913238518,
    "BBD-B.TO": 21435.099929809607,
    "RY.TO": 0.0,
    "TRP.TO": 925.3336610794104
  },
  "train_total_trades": 174,
  "test_metrics": {
    "total_return": 0.23764550789117783,
    "excess_return": 0.23764550789117783,
    "sharpe_ratio": 1.7947152838997615,
    "max_drawdown": -0.02932877561354409,
    "volatility": 0.060542752615069674,
    "calmar_ratio": 3.835658656800398,
    "win_rate": 0.13916500994035785,
    "final_value": 123764.55078911778,
    "pnl": 23764.550789117784
  },
  "test_per_stock_pnl": {
    "ABX.TO": 8361.271272659302,
    "BBD-B.TO": 14851.699798583963,
    "RY.TO": 0.0,
    "TRP.TO": 551.579717874527
  },
  "test_total_trades": 111
}