{
  "individual": "logical_not(lt(ROC(avg(ARG1, 27), 123), ARG0))",
  "train_fitness": 1.9548482213337437,
  "train_metrics": {
    "total_return": 1.4112932619285583,
    "excess_return": 1.4112932619285583,
    "sharpe_ratio": 1.9548482213337441,
    "max_drawdown": -0.11288370980192129,
    "volatility": 0.11674953733336019,
    "calmar_ratio": 2.192479536648606,
    "win_rate": 0.23253493013972057,
    "final_value": 241129.32619285583,
    "pnl": 141129.32619285583
  },
  "train_per_stock_pnl": {
    "ABX.TO": 9179.823358535767,
    "BBD-B.TO": 117982.42943572998,
    "RY.TO": 276.20018005371094,
    "TRP.TO": 13690.873218536377
  },
  "train_total_trades": 54,
  "test_metrics": {
    "total_return": 0.054124140186309816,
    "excess_return": 0.054124140186309816,
    "sharpe_ratio": 0.8528775027645017,
    "max_drawdown": -0.03272744311548471,
    "volatility": 0.042476872013817626,
    "calmar_ratio": 1.0957595379444995,
    "win_rate": 0.09574468085106383,
    "final_value": 105412.41401863098,
    "pnl": 5412.414018630981
  },
  "test_per_stock_pnl": {
    "ABX.TO": 4917.016561508179,
    "BBD-B.TO": -2934.436996459961,
    "RY.TO": 0.0,
    "TRP.TO": 3429.8344535827637
  },
  "test_total_trades": 22
}