{
  "individual": "logical_or(logical_and(logical_and(gt(ROC(div(vol(ARG0, id_int(98)), lag(norm(RSI(lag(ARG1, 192), id_int(185)), RSI(ARG1, id_int(id_int(63)))), 98)), id_int(id_int(175))), min(ROC(ARG1, 98), 98)), logical_and(logical_and(logical_or(V_TRUE, V_TRUE), gt(max(ARG0, id_int(98)), ROC(ARG1, 193))), gt(max(ARG0, id_int(id_int(id_int(16)))), ROC(ARG1, 193)))), logical_or(lt(ARG0, ROC(ARG1, 179)), lt(avg(div(lag(add(ARG1, div(add(ARG0, max(div(ARG1, mul(sub(ROC(ARG0, 105), norm(ARG1, ARG0)), ARG1)), id_int(id_int(155)))), lag(vol(RSI(ARG0, 148), id_int(87)), 34))), 102), div(lag(add(ARG1, div(add(mul(RSI(avg(ARG1, 46), id_int(id_int(91))), mul(sub(ARG1, ARG1), ROC(ROC(avg(ARG1, 61), id_int(159)), 19))), ARG1), lag(ARG1, 38))), id_int(183)), ARG1)), 34), ARG0))), logical_and(logical_and(gt(vol(ARG0, 174), vol(min(ARG0, 192), 98)), gt(max(ARG0, 93), ROC(ARG0, 193))), lt(lag(norm(RSI(lag(ARG1, 192), 98), RSI(ARG1, id_int(188))), 98), ROC(ARG1, 98))))",
  "train_fitness": 1.4380751999568941,
  "train_metrics": {
    "total_return": 1.4380751999568941,
    "excess_return": 1.4380751999568941,
    "sharpe_ratio": 2.8145171497650416,
    "max_drawdown": -0.09556262145528108,
    "volatility": 0.16314774490244635,
    "calmar_ratio": 5.8606232603696125,
    "win_rate": 0.375,
    "final_value": 243807.51999568942,
    "pnl": 143807.51999568942
  },
  "train_per_stock_pnl": {
    "ABX.TO": 101008.77621364601,
    "BBD-B.TO": 29034.159088134715,
    "RY.TO": 8578.89755153656,
    "TRP.TO": 5185.687142372135
  },
  "train_total_trades": 523,
  "test_metrics": {
    "total_return": 0.265282247521877,
    "excess_return": 0.265282247521877,
    "sharpe_ratio": 1.0229021297532643,
    "max_drawdown": -0.07978596114643333,
    "volatility": 0.12258193665171893,
    "calmar_ratio": 1.5647822430949416,
    "win_rate": 0.34592445328031807,
    "final_value": 126528.2247521877,
    "pnl": 26528.2247521877
  },
  "test_per_stock_pnl": {
    "ABX.TO": -1034.0075874328504,
    "BBD-B.TO": 22498.240417480425,
    "RY.TO": 4058.6766014099157,
    "TRP.TO": 1005.315320730213
  },
  "test_total_trades": 444
}